id;apellido;fechaHora
CITA-081;Carrillo;2025-03-01T09:10
CITA-100;Espinoza;2025-03-01T14:10
CITA-070;Benítez;2025-03-01T15:40
CITA-073;Pineda;2025-03-30T09:00
CITA-084;Torres;2025-03-02T10:30
CITA-044;Gómez;2025-03-02T16:30
CITA-027;Sánchez;2025-03-03T08:20
CITA-007;Guerrero;2025-03-03T10:10
CITA-061;Serrano;2025-03-03T12:00
CITA-023;Salazar;2025-03-03T13:50
CITA-036;Navarro;2025-03-03T14:20
CITA-086;Cedeño;2025-03-03T15:40
CITA-057;Carrillo;2025-03-03T16:00
CITA-043;Suárez;2025-03-02T10:20
CITA-014;Suárez;2025-03-26T09:40
CITA-022;Aguirre;2025-03-04T17:50
CITA-016;Castro;2025-03-05T10:10
CITA-051;Molina;2025-03-09T09:20
CITA-089;Molina;2025-03-05T15:00
CITA-003;Torres;2025-03-05T15:50
CITA-037;Navarro;2025-03-06T13:40
CITA-076;Serrano;2025-03-07T09:30
CITA-048;Espinoza;2025-03-07T14:50
CITA-046;Cedeño;2025-03-07T17:40
CITA-099;Torres;2025-03-08T08:40
CITA-038;Vega;2025-03-08T09:40
CITA-041;Aguirre;2025-03-08T15:10
CITA-028;Zambrano;2025-03-08T16:10
CITA-056;Torres;2025-03-05T13:20
CITA-002;Vega;2025-03-09T10:30
CITA-031;Salazar;2025-03-09T12:50
CITA-020;Serrano;2025-03-09T16:30
CITA-063;Pineda;2025-03-09T13:50
CITA-053;Aguirre;2025-03-09T15:50
CITA-067;Suárez;2025-03-09T16:10
CITA-091;Vera;2025-03-09T13:30
CITA-017;Suárez;2025-03-11T09:00
CITA-068;Navarro;2025-03-11T09:10
CITA-033;Vera;2025-03-12T11:40
CITA-082;Rojas;2025-03-12T17:20
CITA-018;Cedeño;2025-03-13T09:00
CITA-039;Benítez;2025-03-13T10:50
CITA-045;Espinoza;2025-03-13T10:50
CITA-055;Vargas;2025-03-13T11:50
CITA-049;Carrillo;2025-03-13T17:20
CITA-006;Vargas;2025-03-14T08:20
CITA-069;Ortega;2025-03-14T09:40
CITA-011;Aguirre;2025-03-14T10:20
CITA-015;Sánchez;2025-03-14T11:30
CITA-054;Vargas;2025-03-14T17:30
CITA-098;Pineda;2025-03-15T09:10
CITA-097;Cordero;2025-03-15T17:30
CITA-008;Torres;2025-03-17T14:20
CITA-079;Rojas;2025-03-17T17:40
CITA-005;Paredes;2025-03-18T08:50
CITA-009;Guerrero;2025-03-18T10:00
CITA-088;Suárez;2025-03-18T16:10
CITA-026;Cordero;2025-03-19T10:00
CITA-012;Benítez;2025-03-19T10:50
CITA-085;Paredes;2025-03-19T18:00
CITA-080;Guerrero;2025-03-20T11:20
CITA-092;Mendoza;2025-03-20T12:30
CITA-062;Salazar;2025-03-20T12:50
CITA-059;Molina;2025-03-21T09:40
CITA-074;Mendoza;2025-03-21T11:10
CITA-050;Rojas;2025-03-21T12:50
CITA-075;Gómez;2025-03-21T13:20
CITA-010;Sánchez;2025-03-21T15:20
CITA-040;Rojas;2025-03-21T15:20
CITA-034;García;2025-03-22T10:50
CITA-060;Chávez;2025-03-22T12:30
CITA-096;Salazar;2025-03-22T14:50
CITA-004;Ramírez;2025-03-22T15:50
CITA-095;García;2025-03-23T11:10
CITA-065;Zambrano;2025-03-24T09:10
CITA-071;Paredes;2025-03-24T10:40
CITA-021;Naranjo;2025-03-24T12:50
CITA-052;Torres;2025-03-24T13:50
CITA-094;Suárez;2025-03-24T15:20
CITA-077;Cordero;2025-03-25T09:40
CITA-072;Pineda;2025-03-25T09:50
CITA-001;Navarro;2025-03-04T08:10
CITA-083;Gómez;2025-03-26T11:10
CITA-087;Carrillo;2025-03-27T08:40
CITA-032;Navarro;2025-03-27T11:50
CITA-024;Ortega;2025-03-27T14:40
CITA-042;Espinoza;2025-03-27T16:10
CITA-013;Chávez;2025-03-28T08:00
CITA-030;Torres;2025-03-28T09:00
CITA-058;Naranjo;2025-03-28T09:10
CITA-019;Cordero;2025-03-28T11:40
CITA-066;Zambrano;2025-03-29T13:40
CITA-047;Vargas;2025-03-29T15:30
CITA-025;Serrano;2025-03-29T17:10
CITA-029;Ortega;2025-03-03T17:00
CITA-093;García;2025-03-30T13:40
CITA-035;Sánchez;2025-03-30T15:10
CITA-064;Mendoza;2025-03-31T08:00
CITA-090;Carrillo;2025-03-31T13:50
CITA-078;Aguirre;2025-03-31T16:10
